series_id,record_type,pair_idx,requested_pairs,completed_pairs,scenario_id,agent_cnt,seed,warmup_frames,sample_frames,marker_name,unity_version,device_model,platform,recorded_utc,mean_frame_ms,p95_frame_ms,max_frame_ms,fps_from_mean_frame,mean_main_thread_ms,p95_main_thread_ms,mean_gc_bytes,total_gc_bytes,peak_memory_bytes,mean_marker_ms,p95_marker_ms,pair_id,mode,run_order,init_ms,created_item_cnt,peak_live_item_cnt,bind_cnt,item_step,mutation_cnt,mutation_interval_frames,viewport_width,viewport_height,metric,baseline_median,virtualized_median,baseline_stddev,virtualized_stddev,improvement_median_pct,improvement_stddev_pct,improvement_pairs,screen_width,screen_height,quality_idx,quality_name,vsync_cnt,target_frame_rate
bd77926e938d4037a34d8dea127e40e9,run,1,4,4,UiLab.Sweep.Baseline,10000,42,120,600,UiLab.Tick,6000.3.20f1,B650M Pro RS (ASRock),WindowsPlayer,2026-10-01T07:19:26.2073208Z,35.418548161784805,42.097896337509155,53.742196410894394,28.233794209525502,35.413673166666676,42.0947,24720,14832000,674783232,0.1082331666666667,0.1175,6040553a047f4a6cb4f9671e28cabfe7,Baseline,1,329.6422,10000,10000,10000,3,10,30,710,480,,,,,,,,,1280,720,5,"Ultra",0,60
bd77926e938d4037a34d8dea127e40e9,run,1,4,4,UiLab.Sweep.Virtualized,10000,42,120,600,UiLab.Tick,6000.3.20f1,B650M Pro RS (ASRock),WindowsPlayer,2026-10-01T07:19:38.7708068Z,16.66821994818747,16.667800024151802,16.899000853300095,59.994408707616174,16.66346166666667,16.6887,144,86400,776048640,0.10484266666666663,0.1324,6040553a047f4a6cb4f9671e28cabfe7,Virtualized,2,9.7262,13,12,2172,3,10,30,710,480,,,,,,,,,1280,720,5,"Ultra",0,60
bd77926e938d4037a34d8dea127e40e9,run,2,4,4,UiLab.Sweep.Baseline,10000,42,120,600,UiLab.Tick,6000.3.20f1,B650M Pro RS (ASRock),WindowsPlayer,2026-10-01T07:20:15.8236246Z,34.337860854963459,38.693197071552277,46.684000641107559,29.122373237628526,34.333337666666687,38.6917,24720,14832000,796745728,0.10922666666666662,0.1178,c35164d9c76f4c72b0c9864de1e6d828,Baseline,2,323.5373,10000,10000,10000,3,10,30,710,480,,,,,,,,,1280,720,5,"Ultra",0,60
bd77926e938d4037a34d8dea127e40e9,run,2,4,4,UiLab.Sweep.Virtualized,10000,42,120,600,UiLab.Tick,6000.3.20f1,B650M Pro RS (ASRock),WindowsPlayer,2026-10-01T07:19:50.8226590Z,16.668579326942563,16.667800024151802,16.901800408959389,59.993115213102278,16.66461116666666,16.6838,144,86400,776081408,0.096451166666666727,0.1218,c35164d9c76f4c72b0c9864de1e6d828,Virtualized,1,0.93880000000000008,13,12,2172,3,10,30,710,480,,,,,,,,,1280,720,5,"Ultra",0,60
bd77926e938d4037a34d8dea127e40e9,run,3,4,4,UiLab.Sweep.Baseline,10000,42,120,600,UiLab.Tick,6000.3.20f1,B650M Pro RS (ASRock),WindowsPlayer,2026-10-01T07:20:41.6028568Z,34.9178104971846,39.0578992664814,45.417997986078262,28.638679967652308,34.913257666666674,39.0359,24720,14832000,844894208,0.10875333333333335,0.1175,e8e3ce6136ee4ec0b6c6ae2ea1c2056b,Baseline,1,351.6734,10000,10000,10000,3,10,30,710,480,,,,,,,,,1280,720,5,"Ultra",0,60
bd77926e938d4037a34d8dea127e40e9,run,3,4,4,UiLab.Sweep.Virtualized,10000,42,120,600,UiLab.Tick,6000.3.20f1,B650M Pro RS (ASRock),WindowsPlayer,2026-10-01T07:20:53.9966620Z,16.66994917827348,16.667898744344711,16.936600208282471,59.988185285131792,16.666095999999985,16.6892,144,86400,834715648,0.098995166666666676,0.1299,e8e3ce6136ee4ec0b6c6ae2ea1c2056b,Virtualized,2,7.8788,13,12,2172,3,10,30,710,480,,,,,,,,,1280,720,5,"Ultra",0,60
bd77926e938d4037a34d8dea127e40e9,run,4,4,4,UiLab.Sweep.Baseline,10000,42,120,600,UiLab.Tick,6000.3.20f1,B650M Pro RS (ASRock),WindowsPlayer,2026-10-01T07:21:31.0758762Z,34.229520112276077,37.827204912900925,46.010203659534454,29.214549217164162,34.225047166666656,37.8177,24720,14832000,828375040,0.10964449999999996,0.1183,9cb3007d7fa44485a77cd9719e056b68,Baseline,2,325.4721,10000,10000,10000,3,10,30,710,480,,,,,,,,,1280,720,5,"Ultra",0,60
bd77926e938d4037a34d8dea127e40e9,run,4,4,4,UiLab.Sweep.Virtualized,10000,42,120,600,UiLab.Tick,6000.3.20f1,B650M Pro RS (ASRock),WindowsPlayer,2026-10-01T07:21:06.0490100Z,16.669704023127753,16.66799932718277,16.90169982612133,59.9890675090924,16.665996000000014,16.6923,144,86400,828284928,0.095171166666666612,0.1223,9cb3007d7fa44485a77cd9719e056b68,Virtualized,1,0.8484,13,12,2172,3,10,30,710,480,,,,,,,,,1280,720,5,"Ultra",0,60
bd77926e938d4037a34d8dea127e40e9,summary,,4,4,,,,,,,,,,,,,,,,,,,,,,,,,,,,,,,,,,init_ms,327.55715,4.4088,11.241455108770403,4.0081550827656356,98.734729182004116,1.1869249820866068,4,1280,720,5,"Ultra",0,60
bd77926e938d4037a34d8dea127e40e9,summary,,4,4,,,,,,,,,,,,,,,,,,,,,,,,,,,,,,,,,,frame_p95_ms,38.875548169016838,16.667849384248257,1.6099286325302893,8.2557425693749988E-05,57.124165000462469,1.6711713994645676,4,1280,720,5,"Ultra",0,60
bd77926e938d4037a34d8dea127e40e9,summary,,4,4,,,,,,,,,,,,,,,,,,,,,,,,,,,,,,,,,,main_thread_p95_ms,38.8638,16.68895,1.6123693032304998,0.0030438462510436097,57.063346180067178,1.6772423141593389,4,1280,720,5,"Ultra",0,60
bd77926e938d4037a34d8dea127e40e9,summary,,4,4,,,,,,,,,,,,,,,,,,,,,,,,,,,,,,,,,,gc_mean_bytes,24720,144,0,0,99.417475728155338,0,4,1280,720,5,"Ultra",0,60
bd77926e938d4037a34d8dea127e40e9,summary,,4,4,,,,,,,,,,,,,,,,,,,,,,,,,,,,,,,,,,peak_memory_bytes,812560384,802183168,66612034.613802813,27810726.849004719,0.60779615276274068,7.1070902334005144,4,1280,720,5,"Ultra",0,60
